Date,Product,Category,Quantity,Sales
2026-01-05,Laptop,Electronics,2,120000
2026-01-12,Phone,Electronics,5,150000
2026-01-18,Headphones,Accessories,10,30000
2026-02-03,Laptop,Electronics,1,60000
2026-02-10,Phone,Electronics,4,120000
2026-02-15,Keyboard,Accessories,8,24000
2026-03-02,Laptop,Electronics,3,180000
2026-03-11,Phone,Electronics,6,180000
2026-03-20,Mouse,Accessories,15,22500
2026-04-04,Laptop,Electronics,2,120000
2026-04-13,Phone,Electronics,3,90000
2026-04-25,Headphones,Accessories,12,36000
